Names,Last,sex,Phone,Email,Date,Company,OrganizationNumber,Address,City,Country,Age,Paid,Misc,race,relationship
Lewis,Frost,Male,1-434-736-1844,orci.Ut.sagittis@aliquetmetus.edu,"Tue, Feb 12",Neque Corporation,93972090799,"P.O. Box 709, 9466 Ipsum Av.",Feltre,Sierra Leone,89,7447,sit,White,'Wife'
Scarlett,Bird,Female,1-938-966-9366,auctor.velit@Donecestmauris.net,"Fri, Jan 03",Diam Inc.,30810868799,Ap #103-5511 Bibendum Street,Nieuwkerken-Waas,Mayotte,58,1325,penatibus,White,'Not-in-family'
Morgan,Washington,Female,535-4823,Donec.nibh.enim@erateget.net,"Fri, Feb 08",Vestibulum Nec Euismod Company,57867446399,287-8651 Turpis Rd.,Casole d'Elsa,Gambia,44,6705,eu,White,'Not-in-family'
Tarik,Holden,Male,1-923-520-1843,quis@bibendumDonecfelis.co.uk,"Mon, Jan 06",Phasellus Consulting,2948384299,9951 Egestas. Street,Flin Flon,"Bonaire, Sint Eustatius and Saba",62,5880,ante,White,'Husband'
Walker,Mendez,Male,212-2562,sodales@amagna.co.uk,"Tue, Jul 23",Magna Lorem Ipsum Company,10330820499,"P.O. Box 129, 6649 Turpis. Avenue",Pietracatella,Bhutan,72,1087,felis.,White,'Husband'
George,Dale,Male,838-8868,non@Cras.co.uk,"Mon, Mar 09",Lacus Nulla Inc.,72942830899,"P.O. Box 112, 2013 Penatibus Rd.",Langenburg,Antigua and Barbuda,51,6015,Quisque,White,'Husband'
Charlotte,Forbes,Female,465-9293,blandit.viverra@quam.com,"Sat, Jun 27",Nulla Cras Eu Limited,23245637299,9245 Mauris St.,Angoulême,Eritrea,70,6247,ligula.,White,'Husband'
Anjolie,Best,Female,1-616-446-5215,dictum@famesac.com,"Fri, Dec 27",In PC,62557163099,Ap #836-8498 Lobortis St.,Paderborn,Indonesia,34,6001,risus,White,'Husband'
Paloma,Graves,Female,545-3263,sociis.natoque.penatibus@velquamdignissim.org,"Tue, Nov 06",Nunc Sed Corporation,55245875199,"122-8284 A, Street",Landeck,Slovenia,65,5384,varius,White,'Husband'
Fay,Obrien,Male,1-249-683-0279,penatibus.et.magnis@mollislectus.org,"Fri, May 29",Ipsum Consulting,27491558499,Ap #721-3976 Leo. Rd.,Armungia,Croatia,95,2290,lacus.,White,'Not-in-family'
Oliver,Jensen,Male,1-381-967-1706,a.mi@suscipitnonummyFusce.co.uk,"Thu, Feb 21",Nec Eleifend LLP,88626506099,Ap #582-7673 Nisi. Street,Coaldale,Laos,38,2287,sem.,White,'Husband'
Iris,Wood,Male,1-160-528-8502,fermentum.fermentum.arcu@Donecatarcu.net,"Tue, Oct 30",Ipsum Dolor Corp.,51242296099,196-6567 Adipiscing Av.,Vigo,Uruguay,62,3004,Quisque,White,'Husband'
Autumn,Lang,Male,1-592-640-3704,auctor@volutpat.edu,"Fri, Jul 31",Eget Inc.,21877141299,Ap #524-5441 Lobortis Rd.,Gaggio Montano,Solomon Islands,80,3860,nonummy.,White,'Not-in-family'
Gwendolyn,Hester,Male,1-691-353-3295,sodales.nisi@ametultricies.co.uk,"Tue, Mar 03",Risus Morbi Metus Institute,17506979899,584-9047 Fermentum Ave,Quintero,Timor-Leste,19,2550,augue,White,'Husband'
Xanthus,Kemp,Male,1-815-968-4244,sit.amet@nasceturridiculus.ca,"Wed, May 29",Fermentum Corp.,50718106599,Ap #899-4467 Cursus Road,Malle,Sao Tome and Principe,95,5253,ac,White,'Not-in-family'
Talon,Noble,Male,342-6458,mus.Donec@loremsemper.ca,"Thu, Jan 30",Orci LLP,13667113499,"P.O. Box 755, 5451 Pretium Street",Berlare,Singapore,58,3957,felis,White,'Wife'
Kristen,Vazquez,Female,1-654-284-4929,vulputate.velit.eu@Nullamut.net,"Tue, Mar 10",Erat Inc.,70869925199,319-9008 Nec St.,Kircudbright,China,90,4378,dictum,White,'Husband'
Kaitlin,Brady,Female,102-7102,vitae.orci.Phasellus@leoCrasvehicula.co.uk,"Sun, Jul 12",Varius Orci Limited,60605877899,7766 Orci. Av.,Wichita,Barbados,85,5445,dolor.,White,'Own-child'
Alma,Dickson,Female,1-692-112-9699,In@egestasblandit.ca,"Thu, Aug 22",Vitae Purus LLP,66286143699,"P.O. Box 933, 7929 Lacus. Avenue",Edmonton,Panama,18,4995,gravida,White,'Own-child'
Rinah,Sloan,Female,281-6967,sem@fermentumfermentum.com,"Sat, Jun 20",Eu Odio Limited,30438854099,"P.O. Box 700, 160 In, Road",Nurdağı,Tanzania,49,1142,sit,Black,'Own-child'
Buckminster,Mosley,Male,206-8039,Curae.Donec.tincidunt@pharetrautpharetra.com,"Sun, Oct 20",Placerat Cras Dictum Limited,5681776699,Ap #491-3182 Enim. Av.,Antártica,Israel,44,4922,luctus.,White,'Husband'
Christian,Farmer,Male,1-193-913-6223,eget.mollis@ut.com,"Tue, Nov 27",Aliquam Tincidunt Nunc Foundation,47873014899,"P.O. Box 950, 5811 In Ave",Kessel,Oman,87,2129,"at,",White,'Not-in-family'
Kessie,Browning,Female,390-5909,id.erat@tempusnon.org,"Wed, Dec 26",Quis Turpis LLP,55709894599,"P.O. Box 363, 9808 Eget Rd.",Cambrai,Singapore,74,2305,sodales,White,'Other-relative'
Jorden,Vargas,Male,1-336-576-6073,Morbi.neque.tellus@scelerisquemollis.co.uk,"Sat, Jun 13",Lobortis Nisi Nibh Foundation,45394499499,"P.O. Box 494, 1044 Sed St.",San Cristóbal de la Laguna,Saint Kitts and Nevis,58,6599,nulla.,White,'Own-child'
Melvin,Stein,Male,704-4651,lectus.pede@Aliquamgravidamauris.org,"Thu, Aug 20",Parturient Montes Nascetur LLC,25525633099,Ap #529-3817 Facilisi. Road,Lauterach,Argentina,28,2375,massa.,White,'Husband'
Ian,Gaines,Male,362-2083,pharetra.felis@veliteget.net,"Tue, Nov 20",Ipsum Non Consulting,13932779799,650 Sem Road,Baltimore,Guinea-Bissau,49,3447,ligula.,White,'Husband'
Xenos,Lindsay,Male,1-638-697-3575,non.feugiat.nec@eueleifend.co.uk,"Mon, Feb 17",Sed Dolor Inc.,38772590699,995-5992 Pede St.,St. Paul,Tokelau,37,6858,in,White,'Own-child'
Quinn,Kramer,Male,338-7430,ornare.placerat@enim.edu,"Mon, Dec 31",Sociis Natoque Penatibus PC,82356563999,962-2981 Nunc Rd.,Kearney,Singapore,42,2793,nulla.,White,'Husband'
Blair,Callahan,Male,408-9254,non.magna@Proinnon.com,"Fri, Jun 14",Nam Tempor Diam Incorporated,85710434099,3627 Aenean Rd.,Huizingen,Liberia,77,8495,velit,White,'Not-in-family'
Luke,Vaughn,Male,1-486-566-0560,Sed@fermentum.co.uk,"Fri, Dec 07",Lectus Nullam Incorporated,52850835899,3124 Sed St.,Roccabruna,Saint Barthélemy,70,3483,mollis.,White,'Husband'
Barrett,Bradford,Male,1-718-720-7073,placerat.orci@risusDonecegestas.edu,"Sun, Apr 12",Tristique Ac Eleifend LLC,60859373599,914-3474 Consectetuer Street,Purranque,Trinidad and Tobago,26,8178,Duis,White,'Wife'
Drew,Morrow,Male,602-3385,Suspendisse@leoCrasvehicula.co.uk,"Sat, Nov 30",Feugiat Non Consulting,28942975399,1457 Convallis Rd.,Esen,Tokelau,77,7427,interdum,White,'Husband'
Alice,Jordan,Female,488-2071,ac.orci.Ut@ac.org,"Wed, Dec 11",Magna Phasellus LLP,24886130799,Ap #919-4490 Donec Ave,Linsmeau,Bahrain,99,6426,Donec,White,'Not-in-family'
Plato,Ward,Male,995-7814,consectetuer.mauris@ad.net,"Fri, Apr 05",Sem PC,4810024399,3941 Ad Rd.,Heerenveen,Latvia,61,6882,erat,White,'Own-child'
Yuri,Owen,Female,1-649-689-4515,scelerisque@felisNullatempor.org,"Tue, Sep 10",Justo Praesent Luctus Foundation,14629204299,998-1777 Vitae Rd.,Burlington,Nicaragua,30,6358,orci,White,'Husband'
Deanna,Love,Female,789-4752,dictum.magna.Ut@ipsumSuspendisse.edu,"Sun, Nov 10",At Nisi Cum Ltd,45713971199,"P.O. Box 541, 4658 Elit. St.",Dilsen-Stokkem,Malta,54,1737,felis,White,'Husband'
Rama,Baird,Female,399-1773,Sed.congue@Maecenasiaculis.ca,"Wed, Apr 24",Sit Amet Foundation,50640382899,2810 Mauris Ave,Curicó,Egypt,75,3263,turpis,White,'Not-in-family'
Yardley,Bauer,Female,1-830-915-3953,convallis@dui.ca,"Mon, Nov 25",Nulla LLP,69598862099,"P.O. Box 614, 3182 Mattis Avenue",Bharuch,Libya,82,8082,Nullam,White,'Not-in-family'
Rhea,Acevedo,Male,608-0791,Vivamus.sit@cursus.org,"Fri, Dec 21",Augue Ut Lacus Company,88793938499,"9996 Facilisis, Av.",San Isidro,Haiti,42,4422,mollis.,White,'Husband'
Clementine,Cooley,Female,229-5275,ipsum.Suspendisse.sagittis@dis.com,"Tue, Nov 13",In Lorem PC,49809534799,"P.O. Box 868, 8207 Interdum Av.",Levin,Isle of Man,99,1011,"aliquet,",White,'Unmarried'
McKenzie,Rocha,Male,1-170-578-8643,enim.diam@laoreetliberoet.edu,"Thu, Nov 14",Risus Nulla Eget Limited,23914196399,391-7342 Consequat Rd.,Hantes-WihŽries,Saint Lucia,20,6511,"vulputate,",Black,'Unmarried'
Illana,Bell,Female,240-9042,eu@vel.org,"Mon, Jun 08",Condimentum Incorporated,20522582599,"P.O. Box 342, 381 Luctus, St.",Hody,Netherlands,57,1199,Vestibulum,Black,'Wife'
Phillip,Franklin,Male,419-4894,nulla.Cras.eu@pede.co.uk,"Sat, Jun 06",Pede Nunc Sed Foundation,60612519199,709-3220 Nonummy Rd.,Hearst,Turks and Caicos Islands,69,4621,Duis,White,'Husband'
Lael,Stuart,Male,1-922-551-4693,Morbi@quispede.org,"Sat, Nov 24",Orci Foundation,51329187499,7262 Porttitor St.,Gdynia,"Virgin Islands, British",28,7847,nisl.,White,'Not-in-family'
Axel,Hurst,Male,1-883-501-2987,Integer@tempusnonlacinia.co.uk,"Wed, Aug 07",Mattis Semper LLP,6295647299,2011 Tincidunt Rd.,Salem,Montserrat,49,6484,diam,White,'Husband'
Lilah,Hanson,Male,1-165-390-1024,volutpat.ornare@etlibero.edu,"Sat, Sep 14",Pellentesque Sed Dictum Industries,33363045099,309-6147 Eros St.,Bosa,Macao,50,1051,"et,",White,'Husband'
Elton,Contreras,Male,684-4225,Class.aptent@nisl.net,"Wed, Jul 17",Proin Vel Arcu Foundation,2571517799,7906 Sodales Rd.,Canmore,Saint Barthélemy,88,7906,purus,White,'Unmarried'
Yuli,Marshall,Female,597-1850,Aliquam@nequeInornare.ca,"Sat, May 18",Consectetuer Cursus Et Company,51318472499,"2062 Mi, Road",Maglie,Bahamas,81,8143,aliquet,Black,'Own-child'
Xandra,Rowland,Female,198-4705,Integer.in@tellusnon.co.uk,"Thu, Feb 14",Iaculis Associates,22722836399,Ap #158-7853 Phasellus St.,Bedollo,Libya,83,7457,nec,White,'Wife'
Craig,Hughes,Male,1-959-123-7413,lectus.sit.amet@commodoipsumSuspendisse.net,"Fri, Apr 12",Auctor Odio A Associates,96704321499,6382 Donec Road,Itterbeek,Romania,46,4900,dolor.,White,'Not-in-family'
Malcolm,Figueroa,Male,218-3133,eleifend.non@velfaucibusid.edu,"Mon, Feb 10",Pharetra Nibh Aliquam Ltd,93742129399,867-8183 Penatibus Street,Wanganui,Uruguay,78,8292,Sed,White,'Not-in-family'
Emery,Pitts,Female,205-5106,iaculis.odio@cursus.com,"Tue, Oct 30",Nam Ligula Elit Foundation,81965996499,Ap #871-1588 Lectus Road,Doñihue,Greenland,40,1536,"enim,",White,'Husband'
Evangeline,Hicks,Female,1-158-675-5544,erat@egestasAliquam.edu,"Thu, Apr 11",Ligula Nullam Feugiat Company,41490572599,"P.O. Box 387, 1978 Tempus Avenue",Mont-Saint-Guibert,Thailand,84,5954,ante,White,'Husband'
Destiny,Conrad,Male,808-4229,ornare@egetvolutpat.com,"Thu, Feb 20",Molestie Sed Corp.,26780032899,Ap #459-7251 Nulla St.,Rocky Mountain House,Gabon,94,4127,nulla.,White,'Husband'
Nehru,Delacruz,Male,1-287-505-4153,dis.parturient.montes@posuereat.com,"Wed, Feb 27",Amet Diam LLC,8997292299,681-2826 Aliquam Road,Etterbeek,Georgia,20,6107,quam,White,'Husband'
Finn,Mckay,Male,1-846-909-9757,ante.dictum@nisl.org,"Wed, Jul 15",Non Sollicitudin Foundation,83591292799,"Ap #767-7192 Et, Road",Çarşamba,Solomon Islands,35,4161,neque,White,'Husband'
Troy,Delacruz,Male,1-660-575-4377,augue.id.ante@tristiqueneque.net,"Mon, Oct 14",Malesuada Fames Ac Corporation,81520529799,2961 Tristique Avenue,Warburg,Malaysia,90,7921,"magna,",White,'Husband'
Christopher,Randolph,Male,972-8468,amet.consectetuer@tempus.co.uk,"Mon, Jul 13",Metus Urna Convallis Corporation,8802878599,722-7318 Elementum St.,Langenhagen,Australia,92,7125,augue,White,'Not-in-family'
Beck,Brown,Male,414-5891,lobortis@pedeetrisus.com,"Mon, Dec 03",Donec PC,34980706499,Ap #277-2260 Nullam Av.,Waidhofen an der Ybbs,Slovenia,75,2407,rhoncus.,White,'Husband'
Sophia,Leon,Female,1-627-975-9881,interdum.Nunc.sollicitudin@feugiat.com,"Mon, Apr 08",Dui Cras Pellentesque Foundation,51408566399,"P.O. Box 654, 4675 Penatibus Street",Gouy-lez-PiŽton,Morocco,75,4077,molestie,White,'Husband'
Carter,Duran,Female,1-902-147-4685,urna.suscipit@Donecnibh.co.uk,"Fri, Dec 14",Hendrerit PC,38919210999,602-7876 Malesuada Street,Retie,Lithuania,85,7735,eu,White,'Not-in-family'
Melyssa,Parker,Female,1-174-341-5580,semper.cursus@blanditatnisi.edu,"Wed, Mar 27",Nulla In Industries,7927105799,"Ap #288-7966 Id, Rd.",Warspite,Cook Islands,72,7166,Nullam,Black,'Husband'
Eve,Gilbert,Female,1-104-448-6949,Mauris.molestie@convallisest.org,"Sun, Nov 18",Luctus Ipsum Leo Industries,22686796299,816 Dis Avenue,Berlin,Kuwait,73,3102,sodales,Black,'Not-in-family'
Upton,Bowman,Male,883-0707,turpis.non.enim@arcuetpede.co.uk,"Sun, May 12",Vulputate Nisi Industries,82698870599,"P.O. Box 306, 5839 Et Av.",Harderwijk,Christmas Island,27,5245,felis,White,'Wife'
Jenette,Shepard,Female,891-3754,sem.eget.massa@enimEtiam.com,"Wed, Jul 10",Odio Aliquam Vulputate Company,61677412199,111-3792 Pede Rd.,Piringen,Gambia,64,8868,luctus,White,'Husband'
Noah,Perkins,Male,287-4716,Nunc@luctusvulputate.net,"Thu, Jan 10",Donec Luctus Inc.,67291574599,"P.O. Box 121, 1081 Varius Av.",Porvenir,Sierra Leone,19,3436,odio,White,'Own-child'
Maryam,Gibson,Female,1-846-517-5337,enim@tristiquesenectus.co.uk,"Sun, May 12",Pede Corporation,20215769099,"P.O. Box 626, 5579 Ullamcorper Avenue",Heerenveen,New Zealand,41,1561,Nulla,White,'Own-child'
Lucas,Allen,Male,1-518-888-0247,blandit@magnaa.com,"Fri, May 03",Eu Lacus Quisque Company,35597307499,Ap #830-7847 Phasellus Av.,San Nicolás,Somalia,98,5441,sollicitudin,White,'Own-child'
Jackson,Deleon,Male,698-1471,lobortis@Integervitae.co.uk,"Sat, Sep 22",Enim Foundation,30674929299,180-1743 Ac Avenue,Gravataí,Bahrain,29,7292,"et,",Black,'Husband'
Raja,Skinner,Male,924-6226,tincidunt@iaculis.co.uk,"Fri, Apr 17",Aliquet PC,37377434899,595-726 Commodo Road,Carterton,Bangladesh,75,1517,imperdiet,Black,'Not-in-family'
Elizabeth,Hinton,Female,1-812-589-2463,lacus@mollislectuspede.com,"Wed, Sep 26",Elit LLC,42545730599,Ap #769-3241 Tempus Street,Herne,Aruba,77,6006,"amet,",Black,'Other-relative'
Madaline,Schultz,Female,677-8855,est.Nunc@feugiat.org,"Fri, Aug 09",Nunc Sed Limited,34293852299,"P.O. Box 469, 7812 Dolor St.",Stoke-on-Trent,Svalbard and Jan Mayen Islands,33,1299,non,Black,'Own-child'
Addison,Bates,Female,634-4752,gravida.molestie@velitin.ca,"Sun, Apr 19",Mauris Integer Incorporated,20844040199,237-2135 Etiam Av.,Vilvoorde,Guadeloupe,25,1659,"congue,",Black,'Husband'
Maxwell,Herman,Male,457-3306,at.fringilla.purus@atvelitPellentesque.com,"Sun, Mar 24",Nunc Est Corporation,40336396599,"P.O. Box 369, 1856 Natoque Ave",Laurencekirk,Liechtenstein,69,1944,viverra.,Black,'Husband'
Dacey,Carroll,Male,1-107-111-1918,rutrum.Fusce.dolor@sollicitudinamalesuada.co.uk,"Wed, Sep 11",Non Enim Mauris LLP,432684499,"P.O. Box 139, 1671 Et, Avenue",Heestert,Costa Rica,76,1264,orci.,Black,'Own-child'
Ella,Monroe,Female,921-7784,facilisis.vitae@risus.org,"Sat, Aug 08",Ac Metus LLP,21499464099,"P.O. Box 496, 7570 Ultrices Avenue",San Pietro Avellana,Hong Kong,70,6369,ligula.,Black,'Husband'
Ulla,Bradshaw,Male,1-417-776-1133,tempus@vitae.ca,"Sat, Dec 21",Amet Massa Associates,84764188999,"P.O. Box 848, 2535 Tempor Street",Branchon,Bangladesh,37,1138,sit,Black,'Not-in-family'
Perry,Bowers,Female,828-7997,auctor.non.feugiat@acmi.co.uk,"Tue, Jan 22",Morbi Metus Vivamus LLC,8483703799,7504 Lobortis Ave,Wokingham,Central African Republic,79,8684,tempus,Black,'Husband'
Lawrence,Rowland,Female,904-6026,egestas.Sed.pharetra@gravidaPraesenteu.org,"Sat, Jul 11",Risus In Mi Consulting,40217738399,7906 Interdum. St.,McCallum,Malta,90,3891,diam,Black,'Wife'
Violet,Davenport,Female,714-0217,dictum.eu.placerat@utmi.ca,"Tue, Aug 04",Ipsum Non Institute,64934328499,9658 Dolor. Rd.,Rajapalaiyam,Jamaica,83,1483,penatibus,Black,'Husband'
Erasmus,Harper,Male,1-487-612-7106,senectus@magnaSed.net,"Fri, Jul 05",Molestie Dapibus Institute,27416077499,Ap #605-1514 Nunc Av.,Kansas City,Zambia,34,1164,Suspendisse,White,'Not-in-family'
Ryan,Curry,Male,423-7802,ipsum.sodales.purus@mollisneccursus.net,"Fri, Jun 19",Tincidunt Consulting,42450674599,"P.O. Box 461, 3705 Tempus Av.",Akola,Lesotho,68,6833,"nec,",White,'Own-child'
Brandon,Myers,Male,1-644-585-7078,nonummy.ac@ipsumprimisin.co.uk,"Sun, Dec 16",Libero Dui LLP,52630134399,465-1768 In St.,Holywell,Czech Republic,91,2082,commodo,Black,'Husband'
Claudia,Frost,Female,188-1652,nibh.Quisque.nonummy@etrutrumeu.net,"Tue, Nov 20",Lectus PC,39367408599,"P.O. Box 899, 9794 Integer Road",Lerum,Tuvalu,24,2784,pede,Black,'Husband'
Olivia,Cross,Female,404-7834,Proin@nislelementum.co.uk,"Mon, Sep 10",Rutrum LLP,55504608299,Ap #804-6589 Pellentesque Road,Pak Pattan,Guernsey,27,6885,elit.,White,'Not-in-family'
Hayfa,Alvarado,Male,1-469-778-3436,interdum.Curabitur.dictum@mattisornare.ca,"Fri, Jan 25",Eu Nulla At PC,50523087099,Ap #390-2132 Luctus Ave,Auburn,Cocos (Keeling) Islands,77,2399,Nunc,White,'Not-in-family'
Karly,Perry,Female,1-293-410-9176,pellentesque.eget.dictum@Donec.co.uk,"Thu, Mar 28",Non LLP,95202861399,Ap #435-4195 Dignissim Rd.,Klabbeek,Holy See (Vatican City State),79,6532,nunc,White,'Husband'
Ezra,Walter,Male,1-263-324-5760,sit.amet.diam@noncursusnon.com,"Sun, Jun 28",Sapien Gravida Non LLC,1718154999,"P.O. Box 780, 2759 Ipsum Road",Saint-Pierre,Zambia,93,8499,diam.,White,'Unmarried'
Troy,Hendrix,Male,496-0312,a@euismodenimEtiam.net,"Wed, May 13",Adipiscing Corporation,76421165799,2983 Cursus Road,Jerzu,Kyrgyzstan,88,3124,nonummy,White,'Unmarried'
Yeo,Skinner,Male,401-9458,mi@nondapibus.co.uk,"Fri, Sep 27",Venenatis A Magna Incorporated,52434450699,3489 Eu St.,Mariakerke,Cyprus,35,7606,Sed,Black,'Wife'
Jaime,Maxwell,Male,128-3282,sem.egestas.blandit@ornare.com,"Fri, May 22",Ultrices Posuere LLC,7803938099,7862 Massa St.,Villa Alemana,Japan,62,5798,aliquet,Black,'Husband'
Rose,Good,Female,1-224-494-9791,orci.Ut@euarcuMorbi.edu,"Tue, Dec 24",Sit Amet Massa Limited,54439452599,872-2392 Arcu. Rd.,Hyères,Iceland,88,6407,sed,Black,'Not-in-family'
Regina,Dominguez,Female,1-636-994-2958,sit@etnetus.com,"Tue, Jan 07",Convallis Ligula Limited,43430390799,"P.O. Box 427, 7613 Lacinia. Street",Biez,Moldova,19,8154,sociis,Black,'Husband'
Avye,Jimenez,Female,435-7154,ornare.In@atvelitPellentesque.ca,"Tue, Aug 27",Congue Inc.,9506741199,5516 Donec Road,Pievepelago,Argentina,46,1233,ipsum.,Black,'Husband'
Lars,Stuart,Female,1-602-303-9268,elementum.dui@bibendumDonecfelis.edu,"Sun, Aug 16",Arcu Eu Incorporated,41982465199,455-8197 Tellus Street,Saint-Honor�,Guadeloupe,97,7436,Duis,Black,'Unmarried'
Jaime,Flynn,Male,1-962-684-6231,gravida.sit@sitametornare.net,"Wed, Oct 24",Nec Ligula Consectetuer Company,6443744799,3002 Magna. Avenue,Montluçon,Slovakia,43,4620,"ultrices,",Black,'Own-child'
Hilary,Neal,Female,1-225-228-1416,porttitor@etmagnis.edu,"Mon, Jun 15",Torquent Per Conubia Institute,18267360099,8368 Duis Ave,Hartlepool,Nicaragua,81,4026,"a,",Black,'Not-in-family'
Mason,Giles,Male,1-787-199-4218,Integer@Donecestmauris.edu,"Mon, Oct 01",Turpis Vitae Foundation,66628258199,988-2447 Donec Rd.,Rhyl,Bolivia,20,3701,quis,Black,'Husband'
Patricia,Kelly,Female,1-960-312-3090,dignissim@venenatis.org,"Sun, Oct 28",Faucibus Id Libero PC,19775425699,"P.O. Box 459, 967 Tempor Rd.",Moradabad,Kuwait,35,7477,enim,Black,'Husband'
Pearl,Grant,Male,1-176-101-7131,semper.dui.lectus@Phasellus.edu,"Sun, Dec 22",A Aliquet Company,31428708199,"P.O. Box 879, 3658 Luctus Rd.",Dilsen-Stokkem,Guatemala,60,5764,nec,Black,'Unmarried'
